{"cameraMode":{"drawMode":0,"name":"Shaded","section":"Shading Mode"},"sceneLighting":true,"audioPlay":false,"sceneViewState":{"showFog":true,"showMaterialUpdate":true,"showSkybox":true,"showFlares":true,"showImageEffects":true,"showParticleSystems":true},"in2DMode":false,"pivot":{"x":-3.5331921577453615,"y":6.493037223815918,"z":45.19428253173828},"rotation":{"x":-0.2687980830669403,"y":-0.3801591992378235,"z":0.11647725105285645,"w":-0.8773025274276733},"size":-3.4046921730041506,"orthographic":false}